Original_ID,Final_ID,Disposition
B01,B01,유지·판단/상황/평가 보완
B02,B02,유지·판단/상황/평가 보완
B03,B03,유지·판단/상황/평가 보완
B04,B04,유지·판단/상황/평가 보완
B05,H11,H로 통합·보완
B06,B05,유지·판단/상황/평가 보완
B07,B06,유지·판단/상황/평가 보완
B09,B07,유지·판단/상황/평가 보완
C01,C01,유지·판단/상황/평가 보완
C02,C02,유지·판단/상황/평가 보완
C03,C03,유지·판단/상황/평가 보완
C04,C04,유지·판단/상황/평가 보완
C05,C05,유지·판단/상황/평가 보완
C06,C06,유지·판단/상황/평가 보완
C07,C07,유지·판단/상황/평가 보완
D01,D01,유지·판단/상황/평가 보완
D02,D02,유지·판단/상황/평가 보완
D03,D03,유지·판단/상황/평가 보완
D04,D04,유지·판단/상황/평가 보완
D06,D05,유지·판단/상황/평가 보완
D08,D06,유지·판단/상황/평가 보완
E01,E01,유지·판단/상황/평가 보완
E02,E02,유지·판단/상황/평가 보완
E03,E03,유지·판단/상황/평가 보완
E05,E04,유지·판단/상황/평가 보완
E06,E05,유지·판단/상황/평가 보완
F01,F01,유지·판단/상황/평가 보완
F02,F02,유지·판단/상황/평가 보완
F04,F03,유지·판단/상황/평가 보완
F06,F04,유지·판단/상황/평가 보완
G01,G01,유지·판단/상황/평가 보완
G02,H03,H로 통합·보완
G03,G02,유지·판단/상황/평가 보완
G04,G03,유지·판단/상황/평가 보완
G05,G04,유지·판단/상황/평가 보완
G06,G05,유지·판단/상황/평가 보완
H01,H01,유지·응대 경계 보완
H02,H02,유지·응대 경계 보완
H03,H03,유지·응대 경계 보완
H04,H04,유지·응대 경계 보완
H05,H05,유지·응대 경계 보완
I01,I01,보이는 원문 기반·평가 보완
A01–A12,,완전 삭제·이동 없음
I02–K03,I02–K03,이전 원문 잘림으로 신규 작성; 원문 복원본 아님
